<?xml version="1.0" encoding="UTF-8"?>
<project-private xmlns="http://www.netbeans.org/ns/project-private/1">
    <editor-bookmarks xmlns="http://www.netbeans.org/ns/editor-bookmarks/1"/>
    <editor-bookmarks xmlns="http://www.netbeans.org/ns/editor-bookmarks/2" lastBookmarkId="0"/>
    <open-files xmlns="http://www.netbeans.org/ns/projectui-open-files/2">
        <group>
            <file>file:/E:/New%20folder%20(3)/Library%20Maangement%20Project/Board_Project/src/Package1/Book_Issue.java</file>
            <file>file:/E:/New%20folder%20(3)/Library%20Maangement%20Project/Board_Project/src/Package1/About_Us.java</file>
        </group>
    </open-files>
</project-private>
